{
    "epoch": 5.0,
    "total_flos": 5.266106340665472e+16,
    "train_loss": 0.801225305885397,
    "train_runtime": 13585.1319,
    "train_samples_per_second": 0.543,
    "train_steps_per_second": 0.034
}